The Shawshank Redemption;Drama;;;142;74;1
The Godfather;Crime;Drama;;175;92;2
The Dark Knight;Action;Crime;Drama;152;76;3
The Godfather: Part II;Crime;Drama;;202;81;4
12 Angry Men;Crime;Drama;;96;86;5
The Lord of the Rings: The Return of the King;Action;Adventure;Drama;201;84;6
Pulp Fiction;Crime;Drama;;154;84;7
Schindler's List;Biography;Drama;History;195;84;8
Inception;Action;Adventure;Sci-Fi;148;65;9
Fight Club;Drama;;;139;58;10
The Lord of the Rings: The Fellowship of the Ring;Action;Adventure;Drama;178;81;11
Forrest Gump;Drama;Romance;;142;72;12
Il buono, il brutto, il cattivo;Western;;;161;79;13
The Lord of the Rings: The Two Towers;Action;Adventure;Drama;179;76;14
The Matrix;Action;Sci-Fi;;136;64;15
Goodfellas;Biography;Crime;Drama;146;78;16
Star Wars: Episode V - The Empire Strikes Back;Action;Adventure;Fantasy;124;71;17
One Flew Over the Cuckoo's Nest;Drama;;;133;72;18
Gisaengchung;Comedy;Drama;Thriller;132;83;19
Soorarai Pottru;Drama;;;153;86;20
Interstellar;Adventure;Drama;Sci-Fi;169;64;21
Cidade de Deus;Crime;Drama;;130;68;22
Sen to Chihiro no kamikakushi;Animation;Adventure;Family;125;83;23
Saving Private Ryan;Drama;War;;169;78;24
The Green Mile;Crime;Drama;Fantasy;189;52;25
La vita ? bella;Comedy;Drama;Romance;116;86;26
Se7en;Crime;Drama;Mystery;127;56;27
The Silence of the Lambs;Crime;Drama;Thriller;118;73;28
Star Wars;Action;Adventure;Fantasy;121;77;29
Seppuku;Action;Drama;Mystery;133;73;30
Shichinin no samurai;Action;Adventure;Drama;207;84;31
It's a Wonderful Life;Drama;Family;Fantasy;130;77;32
Hamilton;Biography;Drama;History;160;77;33
Ratsasan;Action;Crime;Thriller;170;85;34
Whiplash;Drama;Music;;106;75;35
The Intouchables;Biography;Comedy;Drama;112;85;36
The Prestige;Drama;Mystery;Sci-Fi;130;56;37
The Departed;Crime;Drama;Thriller;151;72;38
The Pianist;Biography;Drama;Music;150;72;39
Gladiator;Action;Adventure;Drama;155;57;40
American History X;Drama;;;119;53;41
The Usual Suspects;Crime;Mystery;Thriller;106;65;42
Léon;Action;Crime;Drama;110;54;43
The Lion King;Animation;Adventure;Drama;88;75;44
Terminator 2: Judgment Day;Action;Sci-Fi;;137;64;45
Nuovo Cinema Paradiso;Drama;Romance;;155;68;46
Hotaru no haka;Animation;Drama;War;89;80;47
Back to the Future;Adventure;Comedy;Sci-Fi;116;74;48
Once Upon a Time in the West;Western;;;165;68;49
Psycho;Horror;Mystery;Thriller;109;82;50
Casablanca;Drama;Romance;War;102;85;51
Modern Times;Comedy;Drama;Family;87;82;52
City Lights;Comedy;Drama;Romance;87;84;53
Capharnaüm;Drama;;;126;63;54
Joker;Crime;Drama;Thriller;122;84;55
Ayla: The Daughter of War;Biography;Drama;History;125;84;56
Vikram Vedha;Action;Crime;Drama;147;84;57
Kimi no na wa,;Animation;Drama;Fantasy;106;66;58
Dangal;Action;Biography;Drama;161;84;59
Spider-Man: Into the Spider-Verse;Animation;Action;Adventure;117;73;60
Avengers: Endgame;Action;Adventure;Drama;181;66;61
Avengers: Infinity War;Action;Adventure;Sci-Fi;149;57;62
Coco;Animation;Adventure;Family;105;68;63
Django Unchained;Drama;Western;;165;68;64
The Dark Knight Rises;Action;Adventure;;164;66;65
3 Idiots;Comedy;Drama;;170;56;66
Taare Zameen Par;Drama;Family;;165;84;67
WALL·E;Animation;Adventure;Family;98;80;68
The Lives of Others;Drama;Mystery;Thriller;137;75;69
Oldeuboi;Action;Drama;Mystery;101;65;70
Memento;Mystery;Thriller;;113;67;71
Mononoke-hime;Animation;Action;Adventure;134;64;72
Once Upon a Time in America;Crime;Drama;;229;84;73
Raiders of the Lost Ark;Action;Adventure;;115;71;74
The Shining;Drama;Horror;;146;55;75
Apocalypse Now;Drama;Mystery;War;147;79;76
Alien;Horror;Sci-Fi;;117;75;77
Tengoku to jigoku;Crime;Drama;Mystery;143;84;78
Dr, Strangelove or: How I Learned to Stop Worrying and Love the Bomb;Comedy;;;95;81;79
Witness for the Prosecution;Crime;Drama;Mystery;116;84;80
Paths of Glory;Drama;War;;88;76;81
Rear Window;Mystery;Thriller;;112;84;82
Sunset Blvd,;Drama;Film-Noir;;110;84;83
The Great Dictator;Comedy;Drama;War;125;84;84
1917;Drama;Thriller;War;119;65;85
Tumbbad;Drama;Fantasy;Horror;104;83;86
Drishyam;Crime;Drama;Thriller;160;83;87
Jagten;Drama;;;115;64;88
Jodaeiye Nader az Simin;Drama;;;123;79;89
Incendies;Drama;Mystery;War;131;66;90
Dara iz Jasenovca;Drama;War;;130;83;91
The Father;Drama;;;97;73;92
Babam ve Oglum;Drama;Family;;112;83;93
Inglourious Basterds;Adventure;Drama;War;153;57;94
Eternal Sunshine of the Spotless Mind;Drama;Romance;Sci-Fi;108;74;95
Amélie;Comedy;Romance;;122;57;96
Snatch;Comedy;Crime;;104;83;97
Requiem for a Dream;Drama;;;102;56;98
American Beauty;Drama;;;122;70;99
Good Will Hunting;Drama;Romance;;126;58;100
Bacheha-Ye aseman;Drama;Family;Sport;89;64;101
Toy Story;Animation;Adventure;Comedy;81;79;102
Braveheart;Biography;Drama;History;178;56;103
Reservoir Dogs;Crime;Drama;Thriller;99;66;104
Full Metal Jacket;Drama;War;;116;63;105
Idi i smotri;Drama;Thriller;War;142;83;106
Aliens;Action;Adventure;Sci-Fi;137;70;107
Amadeus;Biography;Drama;History;160;73;108
Scarface;Crime;Drama;;170;54;109
Star Wars: Episode VI - Return of the Jedi;Action;Adventure;Fantasy;131;83;110
Das Boot;Adventure;Drama;Thriller;149;71;111
The Sting;Comedy;Crime;Drama;129;69;112
A Clockwork Orange;Crime;Drama;Sci-Fi;136;64;113
Anand;Drama;Musical;;122;83;114
2001: A Space Odyssey;Adventure;Sci-Fi;;149;70;115
Lawrence of Arabia;Adventure;Biography;Drama;228;83;116
The Apartment;Comedy;Drama;Romance;125;78;117
North by Northwest;Adventure;Mystery;Thriller;136;81;118
Vertigo;Mystery;Romance;Thriller;128;83;119
Singin' in the Rain;Comedy;Musical;Romance;103;82;120
Ikiru;Drama;;;143;83;121
Ladri di biciclette;Drama;;;89;83;122
Double Indemnity;Crime;Drama;Film-Noir;107;79;123
Citizen Kane;Drama;Mystery;;119;83;124
M - Eine Stadt sucht einen Mörder;Crime;Mystery;Thriller;117;83;125
Metropolis;Drama;Sci-Fi;;153;81;126
The Kid;Comedy;Drama;Family;68;83;127
Chhichhore;Comedy;Drama;;143;82;128
Uri: The Surgical Strike;Action;Drama;War;138;82;129
Andhadhun;Crime;Drama;Music;139;82;130
K,G,F: Chapter 1;Action;Drama;;156;82;131
Green Book;Biography;Comedy;Drama;130;57;132
Talvar;Crime;Drama;Mystery;132;82;133
Baahubali 2: The Conclusion;Action;Drama;;167;82;134
Klaus;Animation;Adventure;Comedy;96;53;135
Drishyam;Crime;Drama;Mystery;163;82;136
Queen;Adventure;Comedy;Drama;146;82;137
Mandariinid;Drama;War;;87;60;138
Bhaag Milkha Bhaag;Biography;Drama;Sport;186;82;139
Gangs of Wasseypur;Action;Comedy;Crime;321;73;140
Udaan;Drama;;;134;82;141
Paan Singh Tomar;Action;Biography;Crime;135;82;142
Zindagi Na Milegi Dobara;Comedy;Drama;;155;82;143
El secreto de sus ojos;Drama;Mystery;Romance;129;66;144
Warrior;Action;Drama;Sport;140;58;145
Shutter Island;Mystery;Thriller;;138;52;146
Up;Animation;Adventure;Comedy;96;72;147
Miracle in Cell No, 7;Drama;;;132;82;148
The Wolf of Wall Street;Biography;Crime;Drama;180;62;149
Chak De! India;Drama;Family;Sport;153;56;150
There Will Be Blood;Drama;;;158;76;151
Pan's Labyrinth;Drama;Fantasy;War;118;80;152
Toy Story 3;Animation;Adventure;Comedy;103;75;153
V for Vendetta;Action;Drama;Sci-Fi;132;51;154
Rang De Basanti;Comedy;Crime;Drama;167;82;155
Black;Drama;;;122;82;156
Batman Begins;Action;Adventure;;140;57;157
Swades: We, the People;Drama;;;210;82;158
Der Untergang;Biography;Drama;History;156;67;159
Hauru no ugoku shiro;Animation;Adventure;Family;119;66;160
A Beautiful Mind;Biography;Drama;;135;59;161
Hera Pheri;Action;Comedy;Crime;156;82;162
Lock, Stock and Two Smoking Barrels;Action;Comedy;Crime;107;54;163
L,A, Confidential;Crime;Drama;Mystery;138;74;164
Eskiya;Crime;Drama;Thriller;128;82;165
Heat;Crime;Drama;Thriller;170;62;166
Casino;Crime;Drama;;178;60;167
Andaz Apna Apna;Action;Comedy;Romance;160;82;168
Unforgiven;Drama;Western;;130;70;169
Indiana Jones and the Last Crusade;Action;Adventure;;127;53;170
Dom za vesanje;Comedy;Crime;Drama;142;82;171
Tonari no Totoro;Animation;Family;Fantasy;86;71;172
Die Hard;Action;Thriller;;132;59;173
Ran;Action;Drama;War;162;79;174
Raging Bull;Biography;Drama;Sport;129;73;175
Stalker;Drama;Sci-Fi;;162;82;176
Höstsonaten;Drama;Music;;99;82;177
Taxi Driver;Crime;Drama;;114;77;178
The Message;Biography;Drama;History;177;82;179
Sholay;Action;Adventure;Comedy;204;82;180
Monty Python and the Holy Grail;Adventure;Comedy;Fantasy;91;75;181
Per qualche dollaro in pi?;Western;;;132;61;182
The Great Escape;Adventure;Drama;History;172;71;183
To Kill a Mockingbird;Crime;Drama;;129;72;184
Yojinbo;Action;Drama;Thriller;110;82;185
Judgment at Nuremberg;Drama;War;;179;82;186
Some Like It Hot;Comedy;Music;Romance;121;80;187
Smultronstället;Drama;Romance;;91;72;188
Det sjunde inseglet;Drama;Fantasy;History;96;72;189
Dial M for Murder;Crime;Thriller;;105;62;190
Tôkyô monogatari;Drama;;;136;82;191
Rashomon;Crime;Drama;Mystery;88;80;192
All About Eve;Drama;;;138;80;193
The Treasure of the Sierra Madre;Adventure;Drama;Western;126;80;194
To Be or Not to Be;Comedy;War;;99;71;195
The Gold Rush;Adventure;Comedy;Drama;95;82;196
Sherlock Jr,;Action;Comedy;Romance;45;82;197
Portrait de la jeune fille en feu;Drama;Romance;;122;77;198
Pink;Drama;Thriller;;136;81;199
Koe no katachi;Animation;Drama;Family;130;63;200
Three Billboards Outside Ebbing, Missouri;Comedy;Crime;Drama;115;71;201
Contratiempo;Crime;Drama;Mystery;106;81;202
Ah-ga-ssi;Drama;Romance;Thriller;145;68;203
Mommy;Drama;;;139;60;204
Haider;Action;Crime;Drama;160;81;205
Logan;Action;Drama;Sci-Fi;137;62;206
Room;Drama;Thriller;;118;70;207
Relatos salvajes;Comedy;Drama;Thriller;122;62;208
Soul;Animation;Adventure;Comedy;100;67;209
Kis Uykusu;Drama;;;196;71;210
PK;Comedy;Drama;Musical;153;81;211
OMG: Oh My God!;Comedy;Drama;Fantasy;125;81;212
The Grand Budapest Hotel;Adventure;Comedy;Crime;99;71;213
Gone Girl;Drama;Mystery;Thriller;149;64;214
Ôkami kodomo no Ame to Yuki;Animation;Drama;Fantasy;117;58;215
Hacksaw Ridge;Biography;Drama;History;139;58;216
Inside Out;Animation;Adventure;Comedy;95;76;217
Barfi!;Comedy;Drama;Romance;151;81;218
12 Years a Slave;Biography;Drama;History;134;78;219
Rush;Action;Biography;Drama;123;60;220
Ford v Ferrari;Action;Biography;Drama;152;66;221
Spotlight;Biography;Crime;Drama;129;75;222
Song of the Sea;Animation;Adventure;Drama;93;69;223
Kahaani;Mystery;Thriller;;122;81;224
Prisoners;Crime;Drama;Mystery;153;57;225
Mad Max: Fury Road;Action;Adventure;Sci-Fi;120;73;226
A Wednesday;Action;Crime;Drama;104;81;227
Zack Snyder's Justice League;Action;Adventure;Fantasy;242;81;228
Gran Torino;Drama;;;116;58;229
Harry Potter and the Deathly Hallows: Part 2;Adventure;Drama;Fantasy;130;69;230
Okuribito;Drama;Music;;130;55;231
Hachi: A Dog's Tale;Biography;Drama;Family;93;81;232
Mary and Max;Animation;Comedy;Drama;92;81;233
How to Train Your Dragon;Animation;Action;Adventure;98;61;234
Into the Wild;Adventure;Biography;Drama;148;59;235
No Country for Old Men;Crime;Drama;Thriller;122;74;236
Lage Raho Munna Bhai;Comedy;Drama;Romance;144;81;237
Dare mo shiranai;Drama;;;141;71;238
Million Dollar Baby;Drama;Sport;;132;70;239
Hotel Rwanda;Biography;Drama;History;121;64;240
Taegukgi hwinalrimyeo;Action;Drama;War;140;52;241
Before Sunset;Drama;Romance;;80;73;242
Munna Bhai M,B,B,S,;Comedy;Drama;;156;81;243
Salinui chueok;Crime;Drama;Mystery;131;66;244
Dil Chahta Hai;Comedy;Drama;Romance;183;81;245
Kill Bill: Vol, 1;Action;Crime;Drama;111;56;246
Finding Nemo;Animation;Adventure;Comedy;100;73;247
Catch Me If You Can;Biography;Crime;Drama;141;61;248
Amores perros;Drama;Thriller;;154;67;249
Monsters, Inc,;Animation;Adventure;Comedy;92;64;250
Shin seiki Evangelion Gekijô-ban: Air/Magokoro wo, kimi ni;Animation;Action;Drama;87;81;251
Lagaan: Once Upon a Time in India;Drama;Musical;Sport;224;68;252
The Sixth Sense;Drama;Mystery;Thriller;107;52;253
La leggenda del pianista sull'oceano;Drama;Music;Romance;169;81;254
The Truman Show;Comedy;Drama;;103;73;255
Crna macka, beli macor;Comedy;Crime;Romance;127;59;256
The Big Lebowski;Comedy;Crime;Sport;117;58;257
Fa yeung nin wah;Drama;Romance;;98;69;258
Trainspotting;Drama;;;93;67;259
Fargo;Crime;Drama;Thriller;98;69;260
Underground;Comedy;Drama;Fantasy;170;81;261
La haine;Crime;Drama;;98;81;262
Dilwale Dulhania Le Jayenge;Drama;Romance;;189;81;263
Before Sunrise;Drama;Romance;;101;62;264
Trois couleurs: Rouge;Drama;Mystery;Romance;99;81;265
Chung Hing sam lam;Comedy;Crime;Drama;102;62;266
Jurassic Park;Action;Adventure;Sci-Fi;127;55;267
In the Name of the Father;Biography;Crime;Drama;133;68;268
Ba wang bie ji;Drama;Music;Romance;171;81;269
D? hóng denglong gaogao gu?;Drama;History;Romance;125;81;270
Dead Poets Society;Comedy;Drama;;128;64;271
Stand by Me;Adventure;Drama;;89;61;272
Platoon;Drama;War;;120;75;273
Sacrifice;Drama;;;149;81;274
Paris, Texas;Drama;;;145;63;275
Kaze no tani no Naushika;Animation;Adventure;Fantasy;117;70;276
The Thing;Horror;Mystery;Sci-Fi;109;81;277
Pink Floyd: The Wall;Drama;Fantasy;Music;95;81;278
Fitzcarraldo;Adventure;Drama;;158;81;279
Fanny och Alexander;Drama;;;188;81;280
Blade Runner;Action;Sci-Fi;Thriller;117;68;281
The Elephant Man;Biography;Drama;;124;63;282
Life of Brian;Comedy;;;94;62;283
The Deer Hunter;Drama;War;;183;70;284
Rocky;Drama;Sport;;120;57;285
Network;Drama;;;121;67;286
Barry Lyndon;Adventure;Drama;History;185;72;287
Zerkalo;Biography;Drama;;107;65;288
Chinatown;Drama;Mystery;Thriller;130;75;289
Paper Moon;Comedy;Crime;Drama;102;62;290
Viskningar och rop;Drama;;;91;81;291
Solaris;Drama;Mystery;Sci-Fi;167;73;292
Le samoura?;Crime;Drama;Mystery;105;81;293
Cool Hand Luke;Crime;Drama;;127;75;294
Persona;Drama;Thriller;;85;70;295
Andrei Rublev;Biography;Drama;History;205;81;296
La battaglia di Algeri;Drama;War;;121;78;297
El ángel exterminador;Drama;Fantasy;;95;81;298
What Ever Happened to Baby Jane?;Drama;Horror;Thriller;134;61;299
Sanjuro;Action;Comedy;Crime;96;81;300
The Man Who Shot Liberty Valance;Drama;Western;;123;76;301
Ivanovo detstvo;Drama;War;;95;81;302
Jungfrukällan;Drama;;;89;81;303
Inherit the Wind;Biography;Drama;History;128;61;304
Les quatre cents coups;Crime;Drama;;99;81;305
Ben-Hur;Adventure;Drama;History;212;73;306
Kakushi-toride no san-akunin;Adventure;Drama;;139;81;307
Le notti di Cabiria;Drama;;;110;81;308
Kumonosu-jo;Drama;History;;110;81;309
The Bridge on the River Kwai;Adventure;Drama;War;161;70;310
Du rififi chez les hommes;Crime;Drama;Thriller;118;79;311
On the Waterfront;Crime;Drama;Thriller;108;74;312
Le salaire de la peur;Adventure;Drama;Thriller;131;69;313
Ace in the Hole;Drama;Film-Noir;;111;58;314
White Heat;Action;Crime;Drama;114;81;315
The Third Man;Film-Noir;Mystery;Thriller;104;79;316
The Red Shoes;Drama;Music;Romance;135;81;317
The Shop Around the Corner;Comedy;Drama;Romance;99;78;318
Rebecca;Drama;Mystery;Romance;130;70;319
Mr, Smith Goes to Washington;Comedy;Drama;;129;59;320
Gone with the Wind;Drama;History;Romance;238;79;321
La Grande Illusion;Drama;War;;113;81;322
It Happened One Night;Comedy;Romance;;105;70;323
La passion de Jeanne d'Arc;Biography;Drama;History;110;81;324
The Circus;Comedy;Romance;;72;73;325
Sunrise: A Song of Two Humans;Drama;Romance;;94;81;326
The General;Action;Adventure;Comedy;67;81;327
Das Cabinet des Dr, Caligari;Fantasy;Horror;Mystery;76;81;328
Badhaai ho;Comedy;Drama;;124;80;329
Togo;Adventure;Biography;Drama;113;55;330
Airlift;Drama;History;;130;80;331
Bajrangi Bhaijaan;Action;Adventure;Comedy;163;80;332
Baby;Action;Thriller;;159;80;333
La La Land;Comedy;Drama;Music;128;75;334
Lion;Biography;Drama;;118;55;335
The Martian;Adventure;Drama;Sci-Fi;144;64;336
Zootopia;Animation;Adventure;Comedy;108;62;337
B?hubali: The Beginning;Action;Drama;;159;80;338
Kaguyahime no monogatari;Animation;Adventure;Drama;137;71;339
Wonder;Drama;Family;;113;53;340
Gully Boy;Drama;Music;Romance;154;52;341
Special Chabbis;Crime;Drama;Thriller;144;80;342
Short Term 12;Drama;;;96;66;343
Serbuan maut 2: Berandal;Action;Crime;Thriller;150;57;344
The Imitation Game;Biography;Drama;Thriller;114;58;345
Guardians of the Galaxy;Action;Adventure;Comedy;121;61;346
Blade Runner 2049;Action;Drama;Mystery;164;65;347
Her;Drama;Romance;Sci-Fi;126;72;348
Bohemian Rhapsody;Biography;Drama;Music;134;80;349
The Revenant;Action;Adventure;Drama;156;61;350
The Perks of Being a Wallflower;Drama;Romance;;103;54;351
Tropa de Elite 2: O Inimigo Agora é Outro;Action;Crime;Drama;115;57;352
The King's Speech;Biography;Drama;History;118;70;353
The Help;Drama;;;146;50;354
Deadpool;Action;Adventure;Comedy;108;52;355
Darbareye Elly;Drama;Mystery;;119;70;356
Dev,D;Drama;Romance;;144;80;357
Yip Man;Action;Biography;Drama;106;80;358
My Name Is Khan;Drama;;;165;80;359
Nefes: Vatan Sagolsun;Action;Drama;Thriller;128;80;360
Slumdog Millionaire;Drama;Romance;;120;67;361
Black Swan;Drama;Thriller;;108;63;362
Tropa de Elite;Action;Crime;Drama;115;80;363
The Avengers;Action;Adventure;Sci-Fi;143;55;364
Persepolis;Animation;Biography;Drama;96;72;365
Dallas Buyers Club;Biography;Drama;;117;64;366
The Pursuit of Happyness;Biography;Drama;;117;51;367
Blood Diamond;Adventure;Drama;Thriller;143;51;368
The Bourne Ultimatum;Action;Mystery;Thriller;115;68;369
Bin-jip;Crime;Drama;Romance;88;58;370
Sin City;Crime;Thriller;;124;59;371
Le scaphandre et le papillon;Biography;Drama;;112;74;372
G,O,R,A,;Adventure;Comedy;Sci-Fi;127;80;373
Ratatouille;Animation;Adventure;Comedy;111;77;374
Casino Royale;Action;Adventure;Thriller;144;64;375
Kill Bill: Vol, 2;Action;Crime;Thriller;137;66;376
Vozvrashchenie;Drama;;;110;66;377
Bom yeoreum gaeul gyeoul geurigo bom;Drama;Romance;;103;68;378
Mar adentro;Biography;Drama;;126;59;379
Cinderella Man;Biography;Drama;History;144;55;380
Mou gaan dou;Action;Crime;Drama;101;60;381
Pirates of the Caribbean: The Curse of the Black Pearl;Action;Adventure;Fantasy;143;50;382
Big Fish;Adventure;Drama;Fantasy;125;80;383
The Incredibles;Animation;Action;Adventure;115;72;384
Yeopgijeogin geunyeo;Comedy;Drama;Romance;137;80;385
Dogville;Crime;Drama;;178;80;386
Vizontele;Comedy;Drama;;110;80;387
Donnie Darko;Drama;Mystery;Sci-Fi;113;70;388
Magnolia;Drama;;;188;62;389
Dancer in the Dark;Crime;Drama;Musical;140;49;390
The Straight Story;Biography;Drama;;112;69;391
Pâfekuto bur?;Animation;Crime;Mystery;81;80;392
Festen;Drama;;;105;66;393
Central do Brasil;Drama;;;110;64;394
The Iron Giant;Animation;Action;Adventure;86;68;395
Knockin' on Heaven's Door;Action;Crime;Comedy;87;80;396
Sling Blade;Drama;;;135;67;397
Secrets & Lies;Comedy;Drama;;136;73;398
Twelve Monkeys;Mystery;Sci-Fi;Thriller;129;59;399
Kôkaku Kidôtai;Animation;Action;Crime;83;61;400
The Nightmare Before Christmas;Animation;Family;Fantasy;76;66;401
Groundhog Day;Comedy;Fantasy;Romance;101;58;402
Bound by Honor;Crime;Drama;;180;80;403
Scent of a Woman;Drama;;;156;80;404
Aladdin;Animation;Adventure;Comedy;90;69;405
JFK;Drama;History;Thriller;189;58;406
Beauty and the Beast;Animation;Family;Fantasy;84;76;407
Dances with Wolves;Adventure;Drama;Western;181;58;408
Do the Right Thing;Comedy;Drama;;120;74;409
Rain Man;Drama;;;133;52;410
Akira;Animation;Action;Sci-Fi;124;80;411
The Princess Bride;Adventure;Family;Fantasy;98;62;412
Der Himmel über Berlin;Drama;Fantasy;Romance;128;63;413
Au revoir les enfants;Drama;War;;104;70;414
Tenk? no shiro Rapyuta;Animation;Adventure;Drama;125;62;415
The Terminator;Action;Sci-Fi;;107;67;416
Gandhi;Biography;Drama;History;191;63;417
Kagemusha;Drama;History;War;180;67;418
Being There;Comedy;Drama;;130;66;419
Annie Hall;Comedy;Romance;;93;74;420
Jaws;Adventure;Thriller;;124;70;421
Dog Day Afternoon;Biography;Crime;Drama;125;69;422
Young Frankenstein;Comedy;;;106;64;423
Papillon;Biography;Crime;Drama;151;80;424
The Exorcist;Horror;;;122;65;425
Sleuth;Mystery;Thriller;;138;80;426
The Last Picture Show;Drama;Romance;;118;74;427
Fiddler on the Roof;Drama;Family;Musical;181;54;428
Il conformista;Drama;;;113;80;429
Butch Cassidy and the Sundance Kid;Biography;Crime;Drama;110;53;430
Rosemary's Baby;Drama;Horror;;137;77;431
Planet of the Apes;Adventure;Sci-Fi;;112;63;432
The Graduate;Comedy;Drama;Romance;106;66;433
Who's Afraid of Virginia Woolf?;Drama;;;131;60;434
The Sound of Music;Biography;Drama;Family;172;50;435
Doctor Zhivago;Drama;Romance;War;197;55;436
Per un pugno di dollari;Action;Drama;Western;99;52;437
8?;Drama;;;138;73;438
Vivre sa vie: Film en douze tableaux;Drama;;;80;80;439
The Hustler;Drama;Sport;;134;72;440
La dolce vita;Comedy;Drama;;174;76;441
Rio Bravo;Action;Drama;Western;141;74;442
Anatomy of a Murder;Crime;Drama;Mystery;161;76;443
Touch of Evil;Crime;Drama;Film-Noir;95;79;444
Cat on a Hot Tin Roof;Drama;;;108;67;445
Sweet Smell of Success;Drama;Film-Noir;;96;80;446
The Killing;Crime;Drama;Film-Noir;84;73;447
The Night of the Hunter;Crime;Drama;Film-Noir;92;79;448
La Strada;Drama;;;108;80;449
Les diaboliques;Crime;Drama;Horror;117;80;450
Stalag 17;Comedy;Drama;War;120;67;451
Roman Holiday;Comedy;Romance;;118;62;452
A Streetcar Named Desire;Drama;;;122;78;453
In a Lonely Place;Drama;Film-Noir;Mystery;94;80;454
Kind Hearts and Coronets;Comedy;Crime;;106;80;455
Rope;Crime;Drama;Mystery;80;58;456
Out of the Past;Crime;Drama;Film-Noir;97;80;457
Brief Encounter;Drama;Romance;;86;74;458
Laura;Drama;Film-Noir;Mystery;88;80;459
The Best Years of Our Lives;Drama;Romance;War;170;74;460
Arsenic and Old Lace;Comedy;Crime;Thriller;118;80;461
The Maltese Falcon;Crime;Film-Noir;Mystery;100;77;462
The Grapes of Wrath;Drama;History;;129;77;463
The Wizard of Oz;Adventure;Family;Fantasy;102;74;464
La r?gle du jeu;Comedy;Drama;;110;80;465
The Thin Man;Comedy;Crime;Mystery;91;69;466
All Quiet on the Western Front;Drama;War;;152;73;467
Bronenosets Potemkin;Drama;History;Thriller;75;78;468
Knives Out;Comedy;Crime;Drama;130;65;469
Manbiki kazoku;Crime;Drama;;121;73;470
Marriage Story;Comedy;Drama;Romance;137;74;471
Call Me by Your Name;Drama;Romance;;132;73;472
I, Daniel Blake;Drama;;;100;62;473
Isle of Dogs;Animation;Adventure;Comedy;101;65;474
Hunt for the Wilderpeople;Adventure;Comedy;Drama;101;64;475
Captain Fantastic;Comedy;Drama;;118;57;476
Sing Street;Comedy;Drama;Music;106;62;477
Thor: Ragnarok;Action;Adventure;Comedy;130;58;478
Jojo Rabbit;Comedy;Drama;War;108;79;479
Arrival;Drama;Sci-Fi;;116;64;480
Star Wars: Episode VII - The Force Awakens;Action;Adventure;Sci-Fi;138;63;481
Before Midnight;Drama;Romance;;109;74;482
X-Men: Days of Future Past;Action;Adventure;Sci-Fi;132;59;483
Bir Zamanlar Anadolu'da;Crime;Drama;;157;65;484
The Artist;Comedy;Drama;Romance;100;70;485
Edge of Tomorrow;Action;Adventure;Sci-Fi;113;56;486
Amour;Drama;;;127;74;487
Un proph?te;Crime;Drama;;155;71;488
Moon;Drama;Mystery;Sci-Fi;97;53;489
L?t den rätte komma in;Crime;Drama;Fantasy;114;65;490
District 9;Action;Sci-Fi;Thriller;112;64;491
The Wrestler;Drama;Sport;;109;63;492
Jab We Met;Comedy;Drama;Romance;138;79;493
Boyhood;Drama;;;165;79;494
4 luni, 3 saptamâni si 2 zile;Drama;;;113;77;495
Star Trek;Action;Adventure;Sci-Fi;127;65;496
In Bruges;Comedy;Crime;Drama;107;53;497
The Man from Earth;Drama;Fantasy;Mystery;87;79;498
Letters from Iwo Jima;Action;Adventure;Drama;141;70;499
The Fall;Adventure;Drama;Fantasy;117;51;500
Life of Pi;Adventure;Drama;Fantasy;127;62;501
Fantastic Mr, Fox;Animation;Adventure;Comedy;87;66;502
C,R,A,Z,Y,;Comedy;Drama;;129;64;503
Tôkyô goddofâzâzu;Animation;Adventure;Comedy;90;58;504
Les choristes;Comedy;Drama;Music;97;79;505
Iron Man;Action;Adventure;Sci-Fi;126;62;506
Shaun of the Dead;Comedy;Horror;;99;60;507
Kal Ho Naa Ho;Comedy;Drama;Musical;186;79;508
Gegen die Wand;Drama;Romance;;121;62;509
Mystic River;Crime;Drama;Mystery;138;66;510
Harry Potter and the Prisoner of Azkaban;Adventure;Family;Fantasy;142;65;511
Ying xiong;Action;Adventure;History;120;67;512
Hable con ella;Drama;Mystery;Romance;112;68;513
No Man's Land;Comedy;Drama;War;98;66;514
Cowboy Bebop: Tengoku no tobira;Animation;Action;Crime;115;48;515
The Bourne Identity;Action;Mystery;Thriller;119;54;516
Nueve reinas;Crime;Drama;Thriller;114;63;517
Children of Men;Adventure;Drama;Sci-Fi;109;66;518
Almost Famous;Adventure;Comedy;Drama;122;71;519
Mulholland Dr,;Drama;Mystery;Thriller;147;67;520
Toy Story 2;Animation;Adventure;Comedy;92;70;521
Boogie Nights;Drama;;;155;67;522
Mimi wo sumaseba;Animation;Drama;Family;111;59;523
Once Were Warriors;Crime;Drama;;102;61;524
True Romance;Crime;Drama;Romance;119;79;525
Trois couleurs: Bleu;Drama;Music;Mystery;94;67;526
J?b? ninp?chô;Animation;Action;Adventure;94;79;527
Carlito's Way;Crime;Drama;Thriller;144;51;528
Edward Scissorhands;Drama;Fantasy;Romance;105;58;529
My Left Foot: The Story of Christy Brown;Biography;Drama;;103;77;530
Crimes and Misdemeanors;Comedy;Drama;;104;61;531
The Untouchables;Crime;Drama;Thriller;119;62;532
Hannah and Her Sisters;Comedy;Drama;;107;71;533
Brazil;Drama;Sci-Fi;;132;66;534
This Is Spinal Tap;Comedy;Music;;82;73;535
A Christmas Story;Comedy;Family;;93;61;536
The Blues Brothers;Action;Adventure;Comedy;133;79;537
Manhattan;Comedy;Drama;Romance;96;66;538
All That Jazz;Drama;Music;Musical;123;57;539
Dawn of the Dead;Horror;Thriller;;127;56;540
All the President's Men;Biography;Drama;History;138;66;541
La monta?a sagrada;Adventure;Drama;Fantasy;114;60;542
Amarcord;Comedy;Drama;;123;79;543
Le charme discret de la bourgeoisie;Comedy;;;102;73;544
Aguirre, der Zorn Gottes;Action;Adventure;Biography;95;79;545
Harold and Maude;Comedy;Drama;Romance;91;49;546
Patton;Biography;Drama;War;172;72;547
The Wild Bunch;Action;Adventure;Western;145;77;548
Night of the Living Dead;Horror;Thriller;;96;70;549
The Lion in Winter;Biography;Drama;History;134;79;550
In the Heat of the Night;Crime;Drama;Mystery;110;59;551
Charade;Comedy;Mystery;Romance;113;66;552
The Manchurian Candidate;Drama;Thriller;;126;74;553
Spartacus;Adventure;Biography;Drama;197;69;554
L'avventura;Drama;Mystery;Romance;144;79;555
Hiroshima mon amour;Drama;Romance;;90;79;556
The Ten Commandments;Adventure;Drama;;220;79;557
The Searchers;Adventure;Drama;Western;119;74;558
East of Eden;Drama;;;118;57;559
High Noon;Drama;Thriller;Western;85;70;560
Strangers on a Train;Crime;Film-Noir;Thriller;101;70;561
Harvey;Comedy;Drama;Fantasy;104;79;562
Miracle on 34th Street;Comedy;Drama;Family;96;70;563
Notorious;Drama;Film-Noir;Romance;102;79;564
The Big Sleep;Crime;Film-Noir;Mystery;114;79;565
The Lost Weekend;Drama;Film-Noir;;101;79;566
The Philadelphia Story;Comedy;Romance;;112;76;567
His Girl Friday;Comedy;Drama;Romance;92;79;568
The Adventures of Robin Hood;Action;Adventure;Romance;102;77;569
A Night at the Opera;Comedy;Music;Musical;96;79;570
King Kong;Adventure;Horror;Sci-Fi;100;71;571
Freaks;Drama;Horror;;64;63;572
Nosferatu;Fantasy;Horror;;94;79;573
The Gentlemen;Action;Comedy;Crime;113;78;574
Raazi;Action;Drama;Thriller;138;78;575
Sound of Metal;Drama;Music;;120;64;576
Forushande;Drama;;;124;66;577
Dunkirk;Action;Drama;History;106;73;578
Perfetti sconosciuti;Comedy;Drama;;96;78;579
Hidden Figures;Biography;Drama;History;127;58;580
Paddington 2;Animation;Adventure;Comedy;103;69;581
Udta Punjab;Action;Crime;Drama;148;78;582
Kubo and the Two Strings;Animation;Action;Adventure;101;66;583
M,S, Dhoni: The Untold Story;Biography;Drama;Sport;184;78;584
Manchester by the Sea;Drama;;;137;75;585
Under sandet;Drama;History;War;100;59;586
Rogue One;Action;Adventure;Sci-Fi;133;51;587
Captain America: Civil War;Action;Adventure;Sci-Fi;147;59;588
The Hateful Eight;Crime;Drama;Mystery;168;53;589
Little Women;Drama;Romance;;135;71;590
Loving Vincent;Animation;Biography;Crime;94;48;591
Pride;Biography;Comedy;Drama;119;62;592
Nightcrawler;Crime;Drama;Thriller;117;59;593
Le passé;Drama;Mystery;;130;66;594
La grande bellezza;Drama;;;141;67;595
The Lunchbox;Drama;Romance;;104;59;596
Vicky Donor;Comedy;Romance;;126;78;597
Big Hero 6;Animation;Action;Adventure;102;58;598
About Time;Comedy;Drama;Fantasy;123;78;599
English Vinglish;Comedy;Drama;Family;134;78;600
Kaze tachinu;Animation;Biography;Drama;126;65;601
Toy Story 4;Animation;Adventure;Comedy;100;66;602
La migliore offerta;Crime;Drama;Mystery;131;78;603
Moonrise Kingdom;Comedy;Drama;Romance;94;66;604
How to Train Your Dragon 2;Animation;Action;Adventure;102;59;605
The Big Short;Biography;Comedy;Drama;130;63;606
Kokuhaku;Drama;Thriller;;106;78;607
Ang-ma-reul bo-at-da;Action;Crime;Drama;144;52;608
The Girl with the Dragon Tattoo;Crime;Drama;Mystery;158;55;609
Captain Phillips;Adventure;Biography;Crime;134;64;610
Ajeossi;Action;Crime;Drama;119;78;611
Straight Outta Compton;Biography;Drama;History;147;56;612
The Irishman;Biography;Crime;Drama;209;73;613
Madeo;Crime;Drama;Mystery;129;62;614
Chugyeokja;Action;Crime;Thriller;125;50;615
The Hobbit: The Desolation of Smaug;Adventure;Fantasy;;161;51;616
Das weiße Band - Eine deutsche Kindergeschichte;Drama;History;Mystery;144;64;617
Män som hatar kvinnor;Crime;Drama;Mystery;152;59;618
Skyfall;Action;Adventure;Thriller;143;63;619
The Trial of the Chicago 7;Drama;History;Thriller;129;59;620
Druk;Comedy;Drama;;117;62;621
The Fighter;Biography;Drama;Sport;116;62;622
Taken;Action;Crime;Thriller;90;78;623
The Boy in the Striped Pyjamas;Drama;History;War;94;78;624
Once;Drama;Music;Romance;86;69;625
The Hobbit: An Unexpected Journey;Adventure;Fantasy;;169;78;626
Auf der anderen Seite;Drama;;;122;66;627
Atonement;Drama;Mystery;Romance;123;66;628
Drive;Crime;Drama;;100;61;629
American Gangster;Biography;Crime;Drama;157;59;630
Avatar;Action;Adventure;Fantasy;162;65;631
Mr, Nobody;Drama;Fantasy;Romance;141;49;632
Apocalypto;Action;Adventure;Drama;139;53;633
Little Miss Sunshine;Comedy;Drama;;101;62;634
Hot Fuzz;Action;Comedy;Mystery;121;63;635
The Curious Case of Benjamin Button;Drama;Fantasy;Romance;166;55;636
Veer-Zaara;Drama;Family;Musical;192;52;637
Adams ?bler;Comedy;Crime;Drama;94;78;638
Pride & Prejudice;Drama;Romance;;129;64;639
The World's Fastest Indian;Biography;Drama;Sport;127;53;640
Serenity;Action;Adventure;Sci-Fi;119;58;641
Walk the Line;Biography;Drama;Music;136;56;642
Ondskan;Drama;;;113;48;643
The Notebook;Drama;Romance;;123;78;644
Diarios de motocicleta;Adventure;Biography;Drama;126;59;645
Lilja 4-ever;Crime;Drama;;109;64;646
Les triplettes de Belleville;Animation;Comedy;Drama;80;71;647
Gongdong gyeongbi guyeok JSA;Action;Drama;Thriller;110;78;648
The Count of Monte Cristo;Action;Adventure;Drama;131;48;649
Waking Life;Animation;Drama;Fantasy;99;65;650
Remember the Titans;Biography;Drama;Sport;113;78;651
Wo hu cang long;Action;Adventure;Fantasy;120;73;652
Todo sobre mi madre;Drama;;;101;68;653
Cast Away;Adventure;Drama;Romance;143;57;654
The Boondock Saints;Action;Crime;Thriller;108;78;655
The Insider;Biography;Drama;Thriller;157;66;656
October Sky;Biography;Drama;Family;108;55;657
Shrek;Animation;Adventure;Comedy;90;66;658
Titanic;Drama;Romance;;194;59;659
Hana-bi;Crime;Drama;Romance;103;78;660
Gattaca;Drama;Sci-Fi;Thriller;106;50;661
The Game;Drama;Mystery;Thriller;129;48;662
Breaking the Waves;Drama;;;159;59;663
Ed Wood;Biography;Comedy;Drama;127;55;664
What's Eating Gilbert Grape;Drama;;;118;57;665
Tombstone;Action;Biography;Drama;130;78;666
The Sandlot;Comedy;Drama;Family;101;78;667
The Remains of the Day;Drama;Romance;;134;67;668
Naked;Comedy;Drama;;132;66;669
The Fugitive;Action;Crime;Drama;130;68;670
A Bronx Tale;Crime;Drama;Romance;121;62;671
Batman: Mask of the Phantasm;Animation;Action;Crime;76;78;672
Lat sau san taam;Action;Crime;Thriller;128;78;673
Night on Earth;Comedy;Drama;;129;53;674
La double vie de Véronique;Drama;Fantasy;Music;98;67;675
Boyz n the Hood;Crime;Drama;;112;59;676
Misery;Drama;Thriller;;107;59;677
Awakenings;Biography;Drama;;121;58;678
Majo no takky?bin;Animation;Adventure;Drama;103;65;679
Glory;Biography;Drama;History;122;61;680
Dip huet seung hung;Action;Crime;Drama;111;64;681
Back to the Future Part II;Adventure;Comedy;Sci-Fi;108;78;682
Mississippi Burning;Crime;Drama;History;128;51;683
Predator;Action;Adventure;Sci-Fi;107;78;684
Evil Dead II;Comedy;Horror;;84;56;685
Ferris Bueller's Day Off;Comedy;;;103;48;686
Down by Law;Comedy;Crime;Drama;107;59;687
The Goonies;Adventure;Comedy;Family;114;48;688
The Color Purple;Drama;;;154;61;689
The Breakfast Club;Comedy;Drama;;97;51;690
The Killing Fields;Biography;Drama;History;141;59;691
Ghost Busters;Action;Comedy;Fantasy;105;55;692
The Right Stuff;Adventure;Biography;Drama;193;71;693
The King of Comedy;Comedy;Crime;Drama;109;57;694
E,T, the Extra-Terrestrial;Family;Sci-Fi;;115;71;695
Kramer vs, Kramer;Drama;;;105;60;696
Days of Heaven;Drama;Romance;;94;73;697
The Outlaw Josey Wales;Western;;;135;54;698
The Man Who Would Be King;Adventure;History;War;129;71;699
The Conversation;Drama;Mystery;Thriller;113;66;700
La plan?te sauvage;Animation;Sci-Fi;;72;57;701
The Day of the Jackal;Crime;Drama;Thriller;143;62;702
Badlands;Action;Crime;Drama;94;73;703
Cabaret;Drama;Music;Musical;124;62;704
Willy Wonka & the Chocolate Factory;Family;Fantasy;Musical;100;52;705
Midnight Cowboy;Drama;;;113;62;706
Wait Until Dark;Thriller;;;108;63;707
Guess Who's Coming to Dinner;Comedy;Drama;;108;49;708
Bonnie and Clyde;Action;Biography;Crime;111;67;709
My Fair Lady;Drama;Family;Musical;170;74;710
Mary Poppins;Comedy;Family;Fantasy;139;69;711
The Longest Day;Action;Drama;History;178;59;712
Jules et Jim;Drama;Romance;;105;76;713
The Innocents;Horror;;;100;69;714
? bout de souffle;Crime;Drama;;90;78;715
Red River;Action;Adventure;Drama;133;78;716
Key Largo;Action;Crime;Drama;100;78;717
To Have and Have Not;Adventure;Comedy;Film-Noir;100;70;718
Gaslight;Crime;Drama;Mystery;114;78;719
Shadow of a Doubt;Film-Noir;Thriller;;108;73;720
Stagecoach;Adventure;Drama;Western;96;73;721
The Lady Vanishes;Mystery;Thriller;;96;76;722
Bringing Up Baby;Comedy;Family;Romance;102;71;723
Bride of Frankenstein;Drama;Horror;Sci-Fi;75;74;724
Duck Soup;Comedy;Musical;War;69;73;725
Scarface: The Shame of the Nation;Action;Crime;Drama;93;68;726
Frankenstein;Drama;Horror;Sci-Fi;70;71;727
Roma;Drama;;;135;74;728
God's Own Country;Drama;Romance;;104;65;729
Deadpool 2;Action;Adventure;Comedy;119;51;730
Wind River;Crime;Drama;Mystery;107;56;731
Get Out;Horror;Mystery;Thriller;104;65;732
Mission: Impossible - Fallout;Action;Adventure;Thriller;147;66;733
En man som heter Ove;Comedy;Drama;Romance;116;54;734
What We Do in the Shadows;Comedy;Horror;;86;59;735
Omoide no Mânî;Animation;Drama;Family;103;55;736
The Theory of Everything;Biography;Drama;Romance;123;55;737
Kingsman: The Secret Service;Action;Adventure;Comedy;129;77;738
The Fault in Our Stars;Drama;Romance;;126;53;739
Me and Earl and the Dying Girl;Comedy;Drama;;105;57;740
Birdman or (The Unexpected Virtue of Ignorance);Comedy;Drama;;119;67;741
La vie d'Ad?le;Drama;Romance;;180;69;742
Kai po che!;Drama;Sport;;130;77;743
The Broken Circle Breakdown;Drama;Music;Romance;111;54;744
Captain America: The Winter Soldier;Action;Adventure;Sci-Fi;136;54;745
Rockstar;Drama;Music;Romance;159;77;746
Nebraska;Adventure;Comedy;Drama;115;67;747
Wreck-It Ralph;Animation;Adventure;Comedy;101;55;748
Le Petit Prince;Animation;Adventure;Drama;108;54;749
Detachment;Drama;;;98;77;750
Midnight in Paris;Comedy;Fantasy;Romance;94;62;751
The Lego Movie;Animation;Action;Adventure;100;64;752
Gravity;Drama;Sci-Fi;Thriller;91;74;753
Star Trek Into Darkness;Action;Adventure;Sci-Fi;132;55;754
Beasts of No Nation;Drama;War;;137;61;755
The Social Network;Biography;Drama;;120;73;756
X: First Class;Action;Adventure;Sci-Fi;131;50;757
The Hangover;Comedy;;;100;56;758
Silver Linings Playbook;Comedy;Drama;Romance;122;62;759
Argo;Biography;Drama;Thriller;120;66;760
(500) Days of Summer;Comedy;Drama;Romance;95;59;761
Harry Potter and the Deathly Hallows: Part 1;Adventure;Family;Fantasy;146;50;762
Gake no ue no Ponyo;Animation;Adventure;Comedy;101;66;763
Frost/Nixon;Biography;Drama;History;122;62;764
Papurika;Animation;Drama;Fantasy;90;62;765
Changeling;Biography;Crime;Drama;141;49;766
Flipped;Comedy;Drama;Romance;90;77;767
Toki o kakeru shôjo;Animation;Adventure;Comedy;98;77;768
Death Note: Desu nôto;Crime;Drama;Fantasy;126;77;769
This Is England;Crime;Drama;;101;66;770
Ex Machina;Drama;Sci-Fi;Thriller;108;60;771
Efter brylluppet;Drama;;;120;60;772
The Last King of Scotland;Biography;Drama;History;123;57;773
Zodiac;Crime;Drama;Mystery;157;60;774
Lucky Number Slevin;Crime;Drama;Thriller;110;77;775
Joyeux Noël;Drama;History;Music;116;54;776
Control;Biography;Drama;Music;122;60;777
Tangled;Animation;Adventure;Comedy;100;55;778
Zwartboek;Drama;Thriller;War;145;55;779
Brokeback Mountain;Drama;Romance;;134;67;780
3:10 to Yuma;Action;Crime;Drama;122;59;781
Crash;Crime;Drama;Thriller;112;51;782
Kung fu;Action;Comedy;Fantasy;99;60;783
The Bourne Supremacy;Action;Mystery;Thriller;108;56;784
The Machinist;Drama;Thriller;;101;47;785
Ray;Biography;Drama;Music;152;56;786
Lost in Translation;Comedy;Drama;;102;69;787
Harry Potter and the Goblet of Fire;Adventure;Family;Fantasy;157;62;788
Man on Fire;Action;Crime;Drama;146;77;789
Coraline;Animation;Drama;Family;100;62;790
The Last Samurai;Action;Drama;;154;77;791
The Magdalene Sisters;Drama;;;114;64;792
Good Bye Lenin!;Comedy;Drama;Romance;121;52;793
In America;Drama;;;105;59;794
I Am Sam;Drama;;;132;77;795
Adaptation,;Comedy;Drama;;115;64;796
Black Hawk Down;Drama;History;War;144;57;797
Road to Perdition;Crime;Drama;Thriller;117;55;798
Das Experiment;Drama;Thriller;;120;77;799
Billy Elliot;Drama;Music;;110;57;800
Hedwig and the Angry Inch;Comedy;Drama;Music;95;65;801
Ocean's Eleven;Crime;Thriller;;116;57;802
Vampire Hunter D: Bloodlust;Animation;Action;Fantasy;103;48;803
O Brother, Where Art Thou?;Adventure;Comedy;Crime;107;53;804
Interstate 60: Episodes of the Road;Adventure;Comedy;Drama;116;77;805
South Park: Bigger, Longer & Uncut;Animation;Comedy;Fantasy;81;56;806
Office Space;Comedy;;;89;52;807
Happiness;Comedy;Drama;;134;62;808
Training Day;Crime;Drama;Thriller;122;53;809
Rushmore;Comedy;Drama;Romance;93;66;810
Abre los ojos;Drama;Mystery;Sci-Fi;119;77;811
Being John Malkovich;Comedy;Drama;Fantasy;113;69;812
As Good as It Gets;Comedy;Drama;Romance;139;52;813
The Fifth Element;Action;Adventure;Sci-Fi;126;77;814
Le dîner de cons;Comedy;;;80;56;815
Donnie Brasco;Biography;Crime;Drama;127;59;816
Shine;Biography;Drama;Music;105;67;817
Primal Fear;Crime;Drama;Mystery;129;77;818
Hamlet;Drama;;;242;77;819
A Little Princess;Drama;Family;Fantasy;97;64;820
Do lok tin si;Comedy;Crime;Drama;99;55;821
Il postino;Biography;Comedy;Drama;108;62;822
Clerks;Comedy;;;92;54;823
Short Cuts;Comedy;Drama;;188;61;824
Philadelphia;Drama;;;125;51;825
The Muppet Christmas Carol;Comedy;Drama;Family;85;49;826
Malcolm X;Biography;Drama;History;202;56;827
The Last of the Mohicans;Action;Adventure;Drama;112;59;828
Kurenai no buta;Animation;Adventure;Comedy;94;64;829
Glengarry Glen Ross;Crime;Drama;Mystery;100;63;830
A Few Good Men;Drama;Thriller;;138;48;831
Fried Green Tomatoes;Drama;;;130;49;832
Barton Fink;Comedy;Drama;Thriller;116;53;833
Miller's Crossing;Crime;Drama;Thriller;115;51;834
Who Framed Roger Rabbit;Animation;Adventure;Comedy;104;64;835
Spoorloos;Mystery;Thriller;;107;77;836
Withnail & I;Comedy;Drama;;107;65;837
The Last Emperor;Biography;Drama;History;163;59;838
Empire of the Sun;Action;Drama;History;153;48;839
Der Name der Rose;Crime;Drama;Mystery;130;77;840
Blue Velvet;Drama;Mystery;Thriller;120;59;841
The Purple Rose of Cairo;Comedy;Fantasy;Romance;82;58;842
After Hours;Comedy;Crime;Drama;97;69;843
Zelig;Comedy;;;79;77;844
The Verdict;Drama;;;129;59;845
Star Trek II: The Wrath of Khan;Action;Adventure;Sci-Fi;113;52;846
First Blood;Action;Adventure;;93;47;847
Ordinary People;Drama;;;124;66;848
Airplane!;Comedy;;;88;60;849
Rupan sansei: Kariosutoro no shiro;Animation;Adventure;Family;100;55;850
Halloween;Horror;Thriller;;91;67;851
Le locataire;Drama;Thriller;;126;55;852
Love and Death;Comedy;War;;85;69;853
The Taking of Pelham One Two Three;Action;Crime;Thriller;104;52;854
Blazing Saddles;Comedy;Western;;93;56;855
Serpico;Biography;Crime;Drama;130;67;856
Enter the Dragon;Action;Crime;Drama;102;64;857
Deliverance;Adventure;Drama;Thriller;109;62;858
The French Connection;Action;Crime;Drama;104;72;859
Dirty Harry;Action;Crime;Thriller;102;69;860
Where Eagles Dare;Action;Adventure;War;158;49;861
The Odd Couple;Comedy;;;105;66;862
The Dirty Dozen;Action;Adventure;War;150;56;863
Belle de jour;Drama;Romance;;100;77;864
A Man for All Seasons;Biography;Drama;History;120;55;865
Repulsion;Drama;Horror;Thriller;105;70;866
Zulu;Drama;History;War;138;59;867
Goldfinger;Action;Adventure;Thriller;110;67;868
The Birds;Drama;Horror;Mystery;119;69;869
Cape Fear;Drama;Thriller;;106;59;870
Peeping Tom;Drama;Horror;Thriller;101;77;871
The Magnificent Seven;Action;Adventure;Western;128;57;872
Les yeux sans visage;Drama;Horror;;90;69;873
Invasion of the Body Snatchers;Drama;Horror;Sci-Fi;80;71;874
Rebel Without a Cause;Drama;;;111;69;875
The Ladykillers;Comedy;Crime;;91;70;876
Sabrina;Comedy;Drama;Romance;113;55;877
The Quiet Man;Comedy;Drama;Romance;129;77;878
The Day the Earth Stood Still;Drama;Sci-Fi;;92;77;879
The African Queen;Adventure;Drama;Romance;105;70;880
Gilda;Drama;Film-Noir;Romance;110;77;881
Fantasia;Animation;Family;Fantasy;125;74;882
The Invisible Man;Horror;Sci-Fi;;71;67;883
Dark Waters;Biography;Drama;History;126;55;884
Searching;Drama;Mystery;Thriller;102;54;885
Once Upon a Time,,, in Hollywood;Comedy;Drama;;161;63;886
Nelyubov;Drama;;;127;65;887
The Florida Project;Drama;;;111;70;888
Just Mercy;Biography;Crime;Drama;137;52;889
Gifted;Drama;;;101;76;890
The Peanut Butter Falcon;Adventure;Comedy;Drama;97;53;891
Victoria;Crime;Drama;Romance;138;59;892
Mustang;Drama;;;97;63;893
Guardians of the Galaxy Vol, 2;Action;Adventure;Comedy;136;51;894
Baby Driver;Action;Crime;Drama;113;65;895
Only the Brave;Action;Biography;Drama;134;55;896
Bridge of Spies;Drama;History;Thriller;142;62;897
Incredibles 2;Animation;Action;Adventure;118;61;898
Moana;Animation;Adventure;Comedy;107;62;899
Sicario;Action;Crime;Drama;121;62;900
Creed;Drama;Sport;;133;62;901
Leviafan;Crime;Drama;;140;70;902
Hell or High Water;Action;Crime;Drama;102;67;903
Philomena;Biography;Comedy;Drama;98;59;904
Dawn of the Planet of the Apes;Action;Adventure;Drama;130;60;905
El cuerpo;Mystery;Thriller;;112;76;906
Serbuan maut;Action;Thriller;;101;55;907
End of Watch;Action;Crime;Drama;109;52;908
Kari-gurashi no Arietti;Animation;Adventure;Family;94;61;909
A Star Is Born;Drama;Music;Romance;136;67;910
True Grit;Drama;Western;;110;61;911
H?vnen;Drama;Romance;;118;49;912
Despicable Me;Animation;Comedy;Crime;95;55;913
50/50;Comedy;Drama;Romance;100;55;914
Kick-Ass;Action;Comedy;Crime;117;50;915
Celda 211;Action;Adventure;Crime;113;76;916
Moneyball;Biography;Drama;Sport;133;66;917
La piel que habito;Drama;Horror;Thriller;120;53;918
Zombieland;Adventure;Comedy;Fantasy;88;55;919
Die Welle;Drama;Thriller;;107;76;920
Sherlock Holmes;Action;Adventure;Mystery;128;76;921
The Blind Side;Biography;Drama;Sport;129;76;922
Seven Pounds;Drama;;;123;76;923
Eastern Promises;Action;Crime;Drama;100;62;924
Stardust;Adventure;Family;Fantasy;127;50;925
The Secret of Kells;Animation;Adventure;Family;71;62;926
Inside Man;Crime;Drama;Mystery;129;58;927
Gone Baby Gone;Crime;Drama;Mystery;114;55;928
La Vie En Rose;Biography;Drama;Music;140;50;929
Huo Yuan Jia;Action;Biography;Drama;104;53;930
The Illusionist;Drama;Fantasy;Mystery;110;52;931
Dead Man's Shoes;Crime;Drama;Thriller;90;76;932
Harry Potter and the Half-Blood Prince;Action;Adventure;Family;153;59;933
300;Action;Drama;;117;76;934
Match Point;Drama;Romance;Thriller;124;55;935
Watchmen;Action;Drama;Mystery;162;76;936
Lord of War;Action;Crime;Drama;122;47;937
Saw;Horror;Mystery;Thriller;103;76;938
Synecdoche, New York;Drama;;;124;51;939
Mysterious Skin;Drama;;;105;55;940
Un long dimanche de fiançailles;Drama;Mystery;Romance;133;58;941
The Station Agent;Comedy;Drama;;89;62;942
21 Grams;Crime;Drama;Thriller;124;53;943
Boksuneun naui geot;Crime;Drama;Thriller;129;76;944
Finding Neverland;Biography;Drama;Family;106;51;945
25th Hour;Drama;;;135;52;946
The Butterfly Effect;Drama;Sci-Fi;Thriller;113;76;947
28 Days Later,,,;Drama;Horror;Sci-Fi;113;55;948
Batoru rowaiaru;Action;Adventure;Drama;114;62;949
The Royal Tenenbaums;Comedy;Drama;;110;58;950
Y tu mamá también;Drama;;;106;67;951
Harry Potter and the Sorcerer's Stone;Adventure;Family;Fantasy;152;49;952
The Others;Horror;Mystery;Thriller;101;56;953
Blow;Biography;Crime;Drama;124;76;954
Enemy at the Gates;Drama;History;War;131;76;955
Minority Report;Action;Crime;Mystery;145;61;956
American Psycho;Comedy;Crime;Drama;101;49;957
Lola rennt;Crime;Drama;Thriller;81;59;958
The Thin Red Line;Drama;War;;170;59;959
Mulan;Animation;Adventure;Family;88;54;960
Fear and Loathing in Las Vegas;Adventure;Comedy;Drama;118;76;961
Funny Games;Crime;Drama;Thriller;108;52;962
Dark City;Fantasy;Mystery;Sci-Fi;100;50;963
Sleepers;Crime;Drama;Thriller;147;76;964
Lost Highway;Mystery;Thriller;;134;76;965
Sense and Sensibility;Drama;Romance;;136;64;966
Die Hard: With a Vengeance;Action;Adventure;Thriller;128;76;967
Dead Man;Adventure;Drama;Fantasy;121;47;968
The Bridges of Madison County;Drama;Romance;;135;52;969
Apollo 13;Adventure;Drama;History;140;59;970
Trois couleurs: Blanc;Comedy;Drama;Romance;92;67;971
Falling Down;Crime;Drama;Thriller;113;76;972
Dazed and Confused;Comedy;;;102;59;973
My Cousin Vinny;Comedy;Crime;;120;52;974
Kal Hee;Animation;Drama;Romance;118;68;975
Home Alone;Comedy;Family;;103;48;976
The Godfather: Part III;Crime;Drama;;162;76;977
When Harry Met Sally,,,;Comedy;Drama;Romance;95;58;978
The Little Mermaid;Animation;Family;Fantasy;83;67;979
The Naked Gun: From the Files of Police Squad!;Comedy;Crime;;85;58;980
Planes, Trains & Automobiles;Comedy;Drama;;93;55;981
Lethal Weapon;Action;Crime;Thriller;109;52;982
Blood Simple;Crime;Drama;Thriller;99;63;983
On Golden Pond;Drama;;;109;52;984
Mad Max 2;Action;Adventure;Sci-Fi;96;59;985
The Warriors;Action;Crime;Thriller;92;49;986
The Muppet Movie;Adventure;Comedy;Family;95;56;987
Escape from Alcatraz;Action;Biography;Crime;112;58;988
Watership Down;Animation;Adventure;Drama;91;49;989
Close Encounters of the Third Kind;Drama;Sci-Fi;;138;68;990
The Long Goodbye;Comedy;Crime;Drama;112;66;991
Gi? la testa;Drama;War;Western;157;59;992
Kelly's Heroes;Adventure;Comedy;War;144;76;993
The Jungle Book;Animation;Adventure;Family;78;49;994
A Hard Day's Night;Comedy;Musical;;87;73;995
Breakfast at Tiffany's;Comedy;Drama;Romance;115;58;996
Giant;Drama;Western;;201;64;997
From Here to Eternity;Drama;Romance;War;118;65;998
Lifeboat;Drama;War;;97;59;999
The 39 Steps;Crime;Mystery;Thriller;86;71;1000